{
	"credit": "Made with Blockbench",
	"texture_size": [96, 64],
	"textures": {
		"0": "textures/item/end_crystal.png"
	},
	"elements": [
		{
			"from": [4, 4, 4],
			"to": [6, 6, 6],
			"rotation": {"angle": 0, "axis": "y", "origin": [8, -2, 8]},
			"faces": {
				"north": {"uv": [11, 15.5, 11.33333, 16], "texture": "#0"},
				"east": {"uv": [10.66667, 15.5, 11, 16], "texture": "#0"},
				"south": {"uv": [11.66667, 15.5, 12, 16], "texture": "#0"},
				"west": {"uv": [11.33333, 15.5, 11.66667, 16], "texture": "#0"},
				"up": {"uv": [11.33333, 15.5, 11, 15], "texture": "#0"},
				"down": {"uv": [11.66667, 15, 11.33333, 15.5], "texture": "#0"}
			}
		},
		{
			"from": [7, 4, 4],
			"to": [9, 6, 6],
			"rotation": {"angle": 0, "axis": "y", "origin": [8, -2, 8]},
			"faces": {
				"north": {"uv": [11, 15.5, 11.33333, 16], "texture": "#0"},
				"east": {"uv": [10.66667, 15.5, 11, 16], "texture": "#0"},
				"south": {"uv": [11.66667, 15.5, 12, 16], "texture": "#0"},
				"west": {"uv": [11.33333, 15.5, 11.66667, 16], "texture": "#0"},
				"up": {"uv": [11.33333, 15.5, 11, 15], "texture": "#0"},
				"down": {"uv": [11.66667, 15, 11.33333, 15.5], "texture": "#0"}
			}
		},
		{
			"from": [10, 4, 4],
			"to": [12, 6, 6],
			"rotation": {"angle": 0, "axis": "y", "origin": [8, -2, 8]},
			"faces": {
				"north": {"uv": [11, 15.5, 11.33333, 16], "texture": "#0"},
				"east": {"uv": [10.66667, 15.5, 11, 16], "texture": "#0"},
				"south": {"uv": [11.66667, 15.5, 12, 16], "texture": "#0"},
				"west": {"uv": [11.33333, 15.5, 11.66667, 16], "texture": "#0"},
				"up": {"uv": [11.33333, 15.5, 11, 15], "texture": "#0"},
				"down": {"uv": [11.66667, 15, 11.33333, 15.5], "texture": "#0"}
			}
		},
		{
			"from": [10, 4, 7],
			"to": [12, 6, 9],
			"rotation": {"angle": 0, "axis": "y", "origin": [8, -2, 8]},
			"faces": {
				"north": {"uv": [11, 15.5, 11.33333, 16], "texture": "#0"},
				"east": {"uv": [10.66667, 15.5, 11, 16], "texture": "#0"},
				"south": {"uv": [11.66667, 15.5, 12, 16], "texture": "#0"},
				"west": {"uv": [11.33333, 15.5, 11.66667, 16], "texture": "#0"},
				"up": {"uv": [11.33333, 15.5, 11, 15], "texture": "#0"},
				"down": {"uv": [11.66667, 15, 11.33333, 15.5], "texture": "#0"}
			}
		},
		{
			"from": [4, 4, 7],
			"to": [6, 6, 9],
			"rotation": {"angle": 0, "axis": "y", "origin": [8, -2, 8]},
			"faces": {
				"north": {"uv": [11, 15.5, 11.33333, 16], "texture": "#0"},
				"east": {"uv": [10.66667, 15.5, 11, 16], "texture": "#0"},
				"south": {"uv": [11.66667, 15.5, 12, 16], "texture": "#0"},
				"west": {"uv": [11.33333, 15.5, 11.66667, 16], "texture": "#0"},
				"up": {"uv": [11.33333, 15.5, 11, 15], "texture": "#0"},
				"down": {"uv": [11.66667, 15, 11.33333, 15.5], "texture": "#0"}
			}
		},
		{
			"from": [7, 4, 7],
			"to": [9, 6, 9],
			"rotation": {"angle": 0, "axis": "y", "origin": [8, -2, 8]},
			"faces": {
				"north": {"uv": [11, 15.5, 11.33333, 16], "texture": "#0"},
				"east": {"uv": [10.66667, 15.5, 11, 16], "texture": "#0"},
				"south": {"uv": [11.66667, 15.5, 12, 16], "texture": "#0"},
				"west": {"uv": [11.33333, 15.5, 11.66667, 16], "texture": "#0"},
				"up": {"uv": [11.33333, 15.5, 11, 15], "texture": "#0"},
				"down": {"uv": [11.66667, 15, 11.33333, 15.5], "texture": "#0"}
			}
		},
		{
			"from": [10, 4, 10],
			"to": [12, 6, 12],
			"rotation": {"angle": 0, "axis": "y", "origin": [8, -2, 8]},
			"faces": {
				"north": {"uv": [11, 15.5, 11.33333, 16], "texture": "#0"},
				"east": {"uv": [10.66667, 15.5, 11, 16], "texture": "#0"},
				"south": {"uv": [11.66667, 15.5, 12, 16], "texture": "#0"},
				"west": {"uv": [11.33333, 15.5, 11.66667, 16], "texture": "#0"},
				"up": {"uv": [11.33333, 15.5, 11, 15], "texture": "#0"},
				"down": {"uv": [11.66667, 15, 11.33333, 15.5], "texture": "#0"}
			}
		},
		{
			"from": [4, 4, 10],
			"to": [6, 6, 12],
			"rotation": {"angle": 0, "axis": "y", "origin": [8, -2, 8]},
			"faces": {
				"north": {"uv": [11, 15.5, 11.33333, 16], "texture": "#0"},
				"east": {"uv": [10.66667, 15.5, 11, 16], "texture": "#0"},
				"south": {"uv": [11.66667, 15.5, 12, 16], "texture": "#0"},
				"west": {"uv": [11.33333, 15.5, 11.66667, 16], "texture": "#0"},
				"up": {"uv": [11.33333, 15.5, 11, 15], "texture": "#0"},
				"down": {"uv": [11.66667, 15, 11.33333, 15.5], "texture": "#0"}
			}
		},
		{
			"from": [7, 4, 10],
			"to": [9, 6, 12],
			"rotation": {"angle": 0, "axis": "y", "origin": [8, -2, 8]},
			"faces": {
				"north": {"uv": [11, 15.5, 11.33333, 16], "texture": "#0"},
				"east": {"uv": [10.66667, 15.5, 11, 16], "texture": "#0"},
				"south": {"uv": [11.66667, 15.5, 12, 16], "texture": "#0"},
				"west": {"uv": [11.33333, 15.5, 11.66667, 16], "texture": "#0"},
				"up": {"uv": [11.33333, 15.5, 11, 15], "texture": "#0"},
				"down": {"uv": [11.66667, 15, 11.33333, 15.5], "texture": "#0"}
			}
		},
		{
			"from": [10, 7, 10],
			"to": [12, 9, 12],
			"rotation": {"angle": 0, "axis": "y", "origin": [8, -2, 8]},
			"faces": {
				"north": {"uv": [11, 15.5, 11.33333, 16], "texture": "#0"},
				"east": {"uv": [10.66667, 15.5, 11, 16], "texture": "#0"},
				"south": {"uv": [11.66667, 15.5, 12, 16], "texture": "#0"},
				"west": {"uv": [11.33333, 15.5, 11.66667, 16], "texture": "#0"},
				"up": {"uv": [11.33333, 15.5, 11, 15], "texture": "#0"},
				"down": {"uv": [11.66667, 15, 11.33333, 15.5], "texture": "#0"}
			}
		},
		{
			"from": [4, 7, 10],
			"to": [6, 9, 12],
			"rotation": {"angle": 0, "axis": "y", "origin": [8, -2, 8]},
			"faces": {
				"north": {"uv": [11, 15.5, 11.33333, 16], "texture": "#0"},
				"east": {"uv": [10.66667, 15.5, 11, 16], "texture": "#0"},
				"south": {"uv": [11.66667, 15.5, 12, 16], "texture": "#0"},
				"west": {"uv": [11.33333, 15.5, 11.66667, 16], "texture": "#0"},
				"up": {"uv": [11.33333, 15.5, 11, 15], "texture": "#0"},
				"down": {"uv": [11.66667, 15, 11.33333, 15.5], "texture": "#0"}
			}
		},
		{
			"from": [7, 7, 10],
			"to": [9, 9, 12],
			"rotation": {"angle": 0, "axis": "y", "origin": [8, -2, 8]},
			"faces": {
				"north": {"uv": [11, 15.5, 11.33333, 16], "texture": "#0"},
				"east": {"uv": [10.66667, 15.5, 11, 16], "texture": "#0"},
				"south": {"uv": [11.66667, 15.5, 12, 16], "texture": "#0"},
				"west": {"uv": [11.33333, 15.5, 11.66667, 16], "texture": "#0"},
				"up": {"uv": [11.33333, 15.5, 11, 15], "texture": "#0"},
				"down": {"uv": [11.66667, 15, 11.33333, 15.5], "texture": "#0"}
			}
		},
		{
			"from": [4, 7, 4],
			"to": [6, 9, 6],
			"rotation": {"angle": 0, "axis": "y", "origin": [8, -2, 8]},
			"faces": {
				"north": {"uv": [11, 15.5, 11.33333, 16], "texture": "#0"},
				"east": {"uv": [10.66667, 15.5, 11, 16], "texture": "#0"},
				"south": {"uv": [11.66667, 15.5, 12, 16], "texture": "#0"},
				"west": {"uv": [11.33333, 15.5, 11.66667, 16], "texture": "#0"},
				"up": {"uv": [11.33333, 15.5, 11, 15], "texture": "#0"},
				"down": {"uv": [11.66667, 15, 11.33333, 15.5], "texture": "#0"}
			}
		},
		{
			"from": [7, 7, 4],
			"to": [9, 9, 6],
			"rotation": {"angle": 0, "axis": "y", "origin": [8, -2, 8]},
			"faces": {
				"north": {"uv": [11, 15.5, 11.33333, 16], "texture": "#0"},
				"east": {"uv": [10.66667, 15.5, 11, 16], "texture": "#0"},
				"south": {"uv": [11.66667, 15.5, 12, 16], "texture": "#0"},
				"west": {"uv": [11.33333, 15.5, 11.66667, 16], "texture": "#0"},
				"up": {"uv": [11.33333, 15.5, 11, 15], "texture": "#0"},
				"down": {"uv": [11.66667, 15, 11.33333, 15.5], "texture": "#0"}
			}
		},
		{
			"from": [10, 7, 4],
			"to": [12, 9, 6],
			"rotation": {"angle": 0, "axis": "y", "origin": [8, -2, 8]},
			"faces": {
				"north": {"uv": [11, 15.5, 11.33333, 16], "texture": "#0"},
				"east": {"uv": [10.66667, 15.5, 11, 16], "texture": "#0"},
				"south": {"uv": [11.66667, 15.5, 12, 16], "texture": "#0"},
				"west": {"uv": [11.33333, 15.5, 11.66667, 16], "texture": "#0"},
				"up": {"uv": [11.33333, 15.5, 11, 15], "texture": "#0"},
				"down": {"uv": [11.66667, 15, 11.33333, 15.5], "texture": "#0"}
			}
		},
		{
			"from": [10, 7, 7],
			"to": [12, 9, 9],
			"rotation": {"angle": 0, "axis": "y", "origin": [8, -2, 8]},
			"faces": {
				"north": {"uv": [11, 15.5, 11.33333, 16], "texture": "#0"},
				"east": {"uv": [10.66667, 15.5, 11, 16], "texture": "#0"},
				"south": {"uv": [11.66667, 15.5, 12, 16], "texture": "#0"},
				"west": {"uv": [11.33333, 15.5, 11.66667, 16], "texture": "#0"},
				"up": {"uv": [11.33333, 15.5, 11, 15], "texture": "#0"},
				"down": {"uv": [11.66667, 15, 11.33333, 15.5], "texture": "#0"}
			}
		},
		{
			"from": [4, 7, 7],
			"to": [6, 9, 9],
			"rotation": {"angle": 0, "axis": "y", "origin": [8, -2, 8]},
			"faces": {
				"north": {"uv": [11, 15.5, 11.33333, 16], "texture": "#0"},
				"east": {"uv": [10.66667, 15.5, 11, 16], "texture": "#0"},
				"south": {"uv": [11.66667, 15.5, 12, 16], "texture": "#0"},
				"west": {"uv": [11.33333, 15.5, 11.66667, 16], "texture": "#0"},
				"up": {"uv": [11.33333, 15.5, 11, 15], "texture": "#0"},
				"down": {"uv": [11.66667, 15, 11.33333, 15.5], "texture": "#0"}
			}
		},
		{
			"from": [7, 7, 7],
			"to": [9, 9, 9],
			"rotation": {"angle": 0, "axis": "y", "origin": [8, -2, 8]},
			"faces": {
				"north": {"uv": [11, 15.5, 11.33333, 16], "texture": "#0"},
				"east": {"uv": [10.66667, 15.5, 11, 16], "texture": "#0"},
				"south": {"uv": [11.66667, 15.5, 12, 16], "texture": "#0"},
				"west": {"uv": [11.33333, 15.5, 11.66667, 16], "texture": "#0"},
				"up": {"uv": [11.33333, 15.5, 11, 15], "texture": "#0"},
				"down": {"uv": [11.66667, 15, 11.33333, 15.5], "texture": "#0"}
			}
		},
		{
			"from": [10, 10, 10],
			"to": [12, 12, 12],
			"rotation": {"angle": 0, "axis": "y", "origin": [8, -2, 8]},
			"faces": {
				"north": {"uv": [11, 15.5, 11.33333, 16], "texture": "#0"},
				"east": {"uv": [10.66667, 15.5, 11, 16], "texture": "#0"},
				"south": {"uv": [11.66667, 15.5, 12, 16], "texture": "#0"},
				"west": {"uv": [11.33333, 15.5, 11.66667, 16], "texture": "#0"},
				"up": {"uv": [11.33333, 15.5, 11, 15], "texture": "#0"},
				"down": {"uv": [11.66667, 15, 11.33333, 15.5], "texture": "#0"}
			}
		},
		{
			"from": [4, 10, 10],
			"to": [6, 12, 12],
			"rotation": {"angle": 0, "axis": "y", "origin": [8, -2, 8]},
			"faces": {
				"north": {"uv": [11, 15.5, 11.33333, 16], "texture": "#0"},
				"east": {"uv": [10.66667, 15.5, 11, 16], "texture": "#0"},
				"south": {"uv": [11.66667, 15.5, 12, 16], "texture": "#0"},
				"west": {"uv": [11.33333, 15.5, 11.66667, 16], "texture": "#0"},
				"up": {"uv": [11.33333, 15.5, 11, 15], "texture": "#0"},
				"down": {"uv": [11.66667, 15, 11.33333, 15.5], "texture": "#0"}
			}
		},
		{
			"from": [7, 10, 10],
			"to": [9, 12, 12],
			"rotation": {"angle": 0, "axis": "y", "origin": [8, -2, 8]},
			"faces": {
				"north": {"uv": [11, 15.5, 11.33333, 16], "texture": "#0"},
				"east": {"uv": [10.66667, 15.5, 11, 16], "texture": "#0"},
				"south": {"uv": [11.66667, 15.5, 12, 16], "texture": "#0"},
				"west": {"uv": [11.33333, 15.5, 11.66667, 16], "texture": "#0"},
				"up": {"uv": [11.33333, 15.5, 11, 15], "texture": "#0"},
				"down": {"uv": [11.66667, 15, 11.33333, 15.5], "texture": "#0"}
			}
		},
		{
			"from": [10, 10, 13],
			"to": [12, 12, 15],
			"rotation": {"angle": 0, "axis": "y", "origin": [8, -2, 8]},
			"faces": {
				"north": {"uv": [11, 15.5, 11.33333, 16], "texture": "#0"},
				"east": {"uv": [10.66667, 15.5, 11, 16], "texture": "#0"},
				"south": {"uv": [11.66667, 15.5, 12, 16], "texture": "#0"},
				"west": {"uv": [11.33333, 15.5, 11.66667, 16], "texture": "#0"},
				"up": {"uv": [11.33333, 15.5, 11, 15], "texture": "#0"},
				"down": {"uv": [11.66667, 15, 11.33333, 15.5], "texture": "#0"}
			}
		},
		{
			"from": [10, 4, 13],
			"to": [12, 6, 15],
			"rotation": {"angle": 0, "axis": "y", "origin": [8, -2, 8]},
			"faces": {
				"north": {"uv": [11, 15.5, 11.33333, 16], "texture": "#0"},
				"east": {"uv": [10.66667, 15.5, 11, 16], "texture": "#0"},
				"south": {"uv": [11.66667, 15.5, 12, 16], "texture": "#0"},
				"west": {"uv": [11.33333, 15.5, 11.66667, 16], "texture": "#0"},
				"up": {"uv": [11.33333, 15.5, 11, 15], "texture": "#0"},
				"down": {"uv": [11.66667, 15, 11.33333, 15.5], "texture": "#0"}
			}
		},
		{
			"from": [10, 7, 13],
			"to": [12, 9, 15],
			"rotation": {"angle": 0, "axis": "y", "origin": [8, -2, 8]},
			"faces": {
				"north": {"uv": [11, 15.5, 11.33333, 16], "texture": "#0"},
				"east": {"uv": [10.66667, 15.5, 11, 16], "texture": "#0"},
				"south": {"uv": [11.66667, 15.5, 12, 16], "texture": "#0"},
				"west": {"uv": [11.33333, 15.5, 11.66667, 16], "texture": "#0"},
				"up": {"uv": [11.33333, 15.5, 11, 15], "texture": "#0"},
				"down": {"uv": [11.66667, 15, 11.33333, 15.5], "texture": "#0"}
			}
		},
		{
			"from": [7, 7, 13],
			"to": [9, 9, 15],
			"rotation": {"angle": 0, "axis": "y", "origin": [8, -2, 8]},
			"faces": {
				"north": {"uv": [11, 15.5, 11.33333, 16], "texture": "#0"},
				"east": {"uv": [10.66667, 15.5, 11, 16], "texture": "#0"},
				"south": {"uv": [11.66667, 15.5, 12, 16], "texture": "#0"},
				"west": {"uv": [11.33333, 15.5, 11.66667, 16], "texture": "#0"},
				"up": {"uv": [11.33333, 15.5, 11, 15], "texture": "#0"},
				"down": {"uv": [11.66667, 15, 11.33333, 15.5], "texture": "#0"}
			}
		},
		{
			"from": [7, 4, 13],
			"to": [9, 6, 15],
			"rotation": {"angle": 0, "axis": "y", "origin": [8, -2, 8]},
			"faces": {
				"north": {"uv": [11, 15.5, 11.33333, 16], "texture": "#0"},
				"east": {"uv": [10.66667, 15.5, 11, 16], "texture": "#0"},
				"south": {"uv": [11.66667, 15.5, 12, 16], "texture": "#0"},
				"west": {"uv": [11.33333, 15.5, 11.66667, 16], "texture": "#0"},
				"up": {"uv": [11.33333, 15.5, 11, 15], "texture": "#0"},
				"down": {"uv": [11.66667, 15, 11.33333, 15.5], "texture": "#0"}
			}
		},
		{
			"from": [7, 10, 13],
			"to": [9, 12, 15],
			"rotation": {"angle": 0, "axis": "y", "origin": [8, -2, 8]},
			"faces": {
				"north": {"uv": [11, 15.5, 11.33333, 16], "texture": "#0"},
				"east": {"uv": [10.66667, 15.5, 11, 16], "texture": "#0"},
				"south": {"uv": [11.66667, 15.5, 12, 16], "texture": "#0"},
				"west": {"uv": [11.33333, 15.5, 11.66667, 16], "texture": "#0"},
				"up": {"uv": [11.33333, 15.5, 11, 15], "texture": "#0"},
				"down": {"uv": [11.66667, 15, 11.33333, 15.5], "texture": "#0"}
			}
		},
		{
			"from": [4, 10, 13],
			"to": [6, 12, 15],
			"rotation": {"angle": 0, "axis": "y", "origin": [8, -2, 8]},
			"faces": {
				"north": {"uv": [11, 15.5, 11.33333, 16], "texture": "#0"},
				"east": {"uv": [10.66667, 15.5, 11, 16], "texture": "#0"},
				"south": {"uv": [11.66667, 15.5, 12, 16], "texture": "#0"},
				"west": {"uv": [11.33333, 15.5, 11.66667, 16], "texture": "#0"},
				"up": {"uv": [11.33333, 15.5, 11, 15], "texture": "#0"},
				"down": {"uv": [11.66667, 15, 11.33333, 15.5], "texture": "#0"}
			}
		},
		{
			"from": [4, 7, 13],
			"to": [6, 9, 15],
			"rotation": {"angle": 0, "axis": "y", "origin": [8, -2, 8]},
			"faces": {
				"north": {"uv": [11, 15.5, 11.33333, 16], "texture": "#0"},
				"east": {"uv": [10.66667, 15.5, 11, 16], "texture": "#0"},
				"south": {"uv": [11.66667, 15.5, 12, 16], "texture": "#0"},
				"west": {"uv": [11.33333, 15.5, 11.66667, 16], "texture": "#0"},
				"up": {"uv": [11.33333, 15.5, 11, 15], "texture": "#0"},
				"down": {"uv": [11.66667, 15, 11.33333, 15.5], "texture": "#0"}
			}
		},
		{
			"from": [4, 4, 13],
			"to": [6, 6, 15],
			"rotation": {"angle": 0, "axis": "y", "origin": [8, -2, 8]},
			"faces": {
				"north": {"uv": [11, 15.5, 11.33333, 16], "texture": "#0"},
				"east": {"uv": [10.66667, 15.5, 11, 16], "texture": "#0"},
				"south": {"uv": [11.66667, 15.5, 12, 16], "texture": "#0"},
				"west": {"uv": [11.33333, 15.5, 11.66667, 16], "texture": "#0"},
				"up": {"uv": [11.33333, 15.5, 11, 15], "texture": "#0"},
				"down": {"uv": [11.66667, 15, 11.33333, 15.5], "texture": "#0"}
			}
		},
		{
			"from": [10, 10, 1],
			"to": [12, 12, 3],
			"rotation": {"angle": 0, "axis": "y", "origin": [8, -2, 8]},
			"faces": {
				"north": {"uv": [11, 15.5, 11.33333, 16], "texture": "#0"},
				"east": {"uv": [10.66667, 15.5, 11, 16], "texture": "#0"},
				"south": {"uv": [11.66667, 15.5, 12, 16], "texture": "#0"},
				"west": {"uv": [11.33333, 15.5, 11.66667, 16], "texture": "#0"},
				"up": {"uv": [11.33333, 15.5, 11, 15], "texture": "#0"},
				"down": {"uv": [11.66667, 15, 11.33333, 15.5], "texture": "#0"}
			}
		},
		{
			"from": [10, 4, 1],
			"to": [12, 6, 3],
			"rotation": {"angle": 0, "axis": "y", "origin": [8, -2, 8]},
			"faces": {
				"north": {"uv": [11, 15.5, 11.33333, 16], "texture": "#0"},
				"east": {"uv": [10.66667, 15.5, 11, 16], "texture": "#0"},
				"south": {"uv": [11.66667, 15.5, 12, 16], "texture": "#0"},
				"west": {"uv": [11.33333, 15.5, 11.66667, 16], "texture": "#0"},
				"up": {"uv": [11.33333, 15.5, 11, 15], "texture": "#0"},
				"down": {"uv": [11.66667, 15, 11.33333, 15.5], "texture": "#0"}
			}
		},
		{
			"from": [10, 7, 1],
			"to": [12, 9, 3],
			"rotation": {"angle": 0, "axis": "y", "origin": [8, -2, 8]},
			"faces": {
				"north": {"uv": [11, 15.5, 11.33333, 16], "texture": "#0"},
				"east": {"uv": [10.66667, 15.5, 11, 16], "texture": "#0"},
				"south": {"uv": [11.66667, 15.5, 12, 16], "texture": "#0"},
				"west": {"uv": [11.33333, 15.5, 11.66667, 16], "texture": "#0"},
				"up": {"uv": [11.33333, 15.5, 11, 15], "texture": "#0"},
				"down": {"uv": [11.66667, 15, 11.33333, 15.5], "texture": "#0"}
			}
		},
		{
			"from": [7, 7, 1],
			"to": [9, 9, 3],
			"rotation": {"angle": 0, "axis": "y", "origin": [8, -2, 8]},
			"faces": {
				"north": {"uv": [11, 15.5, 11.33333, 16], "texture": "#0"},
				"east": {"uv": [10.66667, 15.5, 11, 16], "texture": "#0"},
				"south": {"uv": [11.66667, 15.5, 12, 16], "texture": "#0"},
				"west": {"uv": [11.33333, 15.5, 11.66667, 16], "texture": "#0"},
				"up": {"uv": [11.33333, 15.5, 11, 15], "texture": "#0"},
				"down": {"uv": [11.66667, 15, 11.33333, 15.5], "texture": "#0"}
			}
		},
		{
			"from": [7, 4, 1],
			"to": [9, 6, 3],
			"rotation": {"angle": 0, "axis": "y", "origin": [8, -2, 8]},
			"faces": {
				"north": {"uv": [11, 15.5, 11.33333, 16], "texture": "#0"},
				"east": {"uv": [10.66667, 15.5, 11, 16], "texture": "#0"},
				"south": {"uv": [11.66667, 15.5, 12, 16], "texture": "#0"},
				"west": {"uv": [11.33333, 15.5, 11.66667, 16], "texture": "#0"},
				"up": {"uv": [11.33333, 15.5, 11, 15], "texture": "#0"},
				"down": {"uv": [11.66667, 15, 11.33333, 15.5], "texture": "#0"}
			}
		},
		{
			"from": [7, 10, 1],
			"to": [9, 12, 3],
			"rotation": {"angle": 0, "axis": "y", "origin": [8, -2, 8]},
			"faces": {
				"north": {"uv": [11, 15.5, 11.33333, 16], "texture": "#0"},
				"east": {"uv": [10.66667, 15.5, 11, 16], "texture": "#0"},
				"south": {"uv": [11.66667, 15.5, 12, 16], "texture": "#0"},
				"west": {"uv": [11.33333, 15.5, 11.66667, 16], "texture": "#0"},
				"up": {"uv": [11.33333, 15.5, 11, 15], "texture": "#0"},
				"down": {"uv": [11.66667, 15, 11.33333, 15.5], "texture": "#0"}
			}
		},
		{
			"from": [4, 10, 1],
			"to": [6, 12, 3],
			"rotation": {"angle": 0, "axis": "y", "origin": [8, -2, 8]},
			"faces": {
				"north": {"uv": [11, 15.5, 11.33333, 16], "texture": "#0"},
				"east": {"uv": [10.66667, 15.5, 11, 16], "texture": "#0"},
				"south": {"uv": [11.66667, 15.5, 12, 16], "texture": "#0"},
				"west": {"uv": [11.33333, 15.5, 11.66667, 16], "texture": "#0"},
				"up": {"uv": [11.33333, 15.5, 11, 15], "texture": "#0"},
				"down": {"uv": [11.66667, 15, 11.33333, 15.5], "texture": "#0"}
			}
		},
		{
			"from": [4, 7, 1],
			"to": [6, 9, 3],
			"rotation": {"angle": 0, "axis": "y", "origin": [8, -2, 8]},
			"faces": {
				"north": {"uv": [11, 15.5, 11.33333, 16], "texture": "#0"},
				"east": {"uv": [10.66667, 15.5, 11, 16], "texture": "#0"},
				"south": {"uv": [11.66667, 15.5, 12, 16], "texture": "#0"},
				"west": {"uv": [11.33333, 15.5, 11.66667, 16], "texture": "#0"},
				"up": {"uv": [11.33333, 15.5, 11, 15], "texture": "#0"},
				"down": {"uv": [11.66667, 15, 11.33333, 15.5], "texture": "#0"}
			}
		},
		{
			"from": [4, 4, 1],
			"to": [6, 6, 3],
			"rotation": {"angle": 0, "axis": "y", "origin": [8, -2, 8]},
			"faces": {
				"north": {"uv": [11, 15.5, 11.33333, 16], "texture": "#0"},
				"east": {"uv": [10.66667, 15.5, 11, 16], "texture": "#0"},
				"south": {"uv": [11.66667, 15.5, 12, 16], "texture": "#0"},
				"west": {"uv": [11.33333, 15.5, 11.66667, 16], "texture": "#0"},
				"up": {"uv": [11.33333, 15.5, 11, 15], "texture": "#0"},
				"down": {"uv": [11.66667, 15, 11.33333, 15.5], "texture": "#0"}
			}
		},
		{
			"from": [4, 10, 4],
			"to": [6, 12, 6],
			"rotation": {"angle": 0, "axis": "y", "origin": [8, -2, 8]},
			"faces": {
				"north": {"uv": [11, 15.5, 11.33333, 16], "texture": "#0"},
				"east": {"uv": [10.66667, 15.5, 11, 16], "texture": "#0"},
				"south": {"uv": [11.66667, 15.5, 12, 16], "texture": "#0"},
				"west": {"uv": [11.33333, 15.5, 11.66667, 16], "texture": "#0"},
				"up": {"uv": [11.33333, 15.5, 11, 15], "texture": "#0"},
				"down": {"uv": [11.66667, 15, 11.33333, 15.5], "texture": "#0"}
			}
		},
		{
			"from": [7, 10, 4],
			"to": [9, 12, 6],
			"rotation": {"angle": 0, "axis": "y", "origin": [8, -2, 8]},
			"faces": {
				"north": {"uv": [11, 15.5, 11.33333, 16], "texture": "#0"},
				"east": {"uv": [10.66667, 15.5, 11, 16], "texture": "#0"},
				"south": {"uv": [11.66667, 15.5, 12, 16], "texture": "#0"},
				"west": {"uv": [11.33333, 15.5, 11.66667, 16], "texture": "#0"},
				"up": {"uv": [11.33333, 15.5, 11, 15], "texture": "#0"},
				"down": {"uv": [11.66667, 15, 11.33333, 15.5], "texture": "#0"}
			}
		},
		{
			"from": [10, 10, 4],
			"to": [12, 12, 6],
			"rotation": {"angle": 0, "axis": "y", "origin": [8, -2, 8]},
			"faces": {
				"north": {"uv": [11, 15.5, 11.33333, 16], "texture": "#0"},
				"east": {"uv": [10.66667, 15.5, 11, 16], "texture": "#0"},
				"south": {"uv": [11.66667, 15.5, 12, 16], "texture": "#0"},
				"west": {"uv": [11.33333, 15.5, 11.66667, 16], "texture": "#0"},
				"up": {"uv": [11.33333, 15.5, 11, 15], "texture": "#0"},
				"down": {"uv": [11.66667, 15, 11.33333, 15.5], "texture": "#0"}
			}
		},
		{
			"from": [10, 10, 7],
			"to": [12, 12, 9],
			"rotation": {"angle": 0, "axis": "y", "origin": [8, -2, 8]},
			"faces": {
				"north": {"uv": [11, 15.5, 11.33333, 16], "texture": "#0"},
				"east": {"uv": [10.66667, 15.5, 11, 16], "texture": "#0"},
				"south": {"uv": [11.66667, 15.5, 12, 16], "texture": "#0"},
				"west": {"uv": [11.33333, 15.5, 11.66667, 16], "texture": "#0"},
				"up": {"uv": [11.33333, 15.5, 11, 15], "texture": "#0"},
				"down": {"uv": [11.66667, 15, 11.33333, 15.5], "texture": "#0"}
			}
		},
		{
			"from": [4, 10, 7],
			"to": [6, 12, 9],
			"rotation": {"angle": 0, "axis": "y", "origin": [8, -2, 8]},
			"faces": {
				"north": {"uv": [11, 15.5, 11.33333, 16], "texture": "#0"},
				"east": {"uv": [10.66667, 15.5, 11, 16], "texture": "#0"},
				"south": {"uv": [11.66667, 15.5, 12, 16], "texture": "#0"},
				"west": {"uv": [11.33333, 15.5, 11.66667, 16], "texture": "#0"},
				"up": {"uv": [11.33333, 15.5, 11, 15], "texture": "#0"},
				"down": {"uv": [11.66667, 15, 11.33333, 15.5], "texture": "#0"}
			}
		},
		{
			"from": [1, 4, 4],
			"to": [3, 6, 6],
			"rotation": {"angle": 0, "axis": "y", "origin": [8, -2, 8]},
			"faces": {
				"north": {"uv": [11, 15.5, 11.33333, 16], "texture": "#0"},
				"east": {"uv": [10.66667, 15.5, 11, 16], "texture": "#0"},
				"south": {"uv": [11.66667, 15.5, 12, 16], "texture": "#0"},
				"west": {"uv": [11.33333, 15.5, 11.66667, 16], "texture": "#0"},
				"up": {"uv": [11.33333, 15.5, 11, 15], "texture": "#0"},
				"down": {"uv": [11.66667, 15, 11.33333, 15.5], "texture": "#0"}
			}
		},
		{
			"from": [1, 4, 7],
			"to": [3, 6, 9],
			"rotation": {"angle": 0, "axis": "y", "origin": [8, -2, 8]},
			"faces": {
				"north": {"uv": [11, 15.5, 11.33333, 16], "texture": "#0"},
				"east": {"uv": [10.66667, 15.5, 11, 16], "texture": "#0"},
				"south": {"uv": [11.66667, 15.5, 12, 16], "texture": "#0"},
				"west": {"uv": [11.33333, 15.5, 11.66667, 16], "texture": "#0"},
				"up": {"uv": [11.33333, 15.5, 11, 15], "texture": "#0"},
				"down": {"uv": [11.66667, 15, 11.33333, 15.5], "texture": "#0"}
			}
		},
		{
			"from": [1, 4, 10],
			"to": [3, 6, 12],
			"rotation": {"angle": 0, "axis": "y", "origin": [8, -2, 8]},
			"faces": {
				"north": {"uv": [11, 15.5, 11.33333, 16], "texture": "#0"},
				"east": {"uv": [10.66667, 15.5, 11, 16], "texture": "#0"},
				"south": {"uv": [11.66667, 15.5, 12, 16], "texture": "#0"},
				"west": {"uv": [11.33333, 15.5, 11.66667, 16], "texture": "#0"},
				"up": {"uv": [11.33333, 15.5, 11, 15], "texture": "#0"},
				"down": {"uv": [11.66667, 15, 11.33333, 15.5], "texture": "#0"}
			}
		},
		{
			"from": [1, 7, 10],
			"to": [3, 9, 12],
			"rotation": {"angle": 0, "axis": "y", "origin": [8, -2, 8]},
			"faces": {
				"north": {"uv": [11, 15.5, 11.33333, 16], "texture": "#0"},
				"east": {"uv": [10.66667, 15.5, 11, 16], "texture": "#0"},
				"south": {"uv": [11.66667, 15.5, 12, 16], "texture": "#0"},
				"west": {"uv": [11.33333, 15.5, 11.66667, 16], "texture": "#0"},
				"up": {"uv": [11.33333, 15.5, 11, 15], "texture": "#0"},
				"down": {"uv": [11.66667, 15, 11.33333, 15.5], "texture": "#0"}
			}
		},
		{
			"from": [1, 10, 10],
			"to": [3, 12, 12],
			"rotation": {"angle": 0, "axis": "y", "origin": [8, -2, 8]},
			"faces": {
				"north": {"uv": [11, 15.5, 11.33333, 16], "texture": "#0"},
				"east": {"uv": [10.66667, 15.5, 11, 16], "texture": "#0"},
				"south": {"uv": [11.66667, 15.5, 12, 16], "texture": "#0"},
				"west": {"uv": [11.33333, 15.5, 11.66667, 16], "texture": "#0"},
				"up": {"uv": [11.33333, 15.5, 11, 15], "texture": "#0"},
				"down": {"uv": [11.66667, 15, 11.33333, 15.5], "texture": "#0"}
			}
		},
		{
			"from": [1, 10, 7],
			"to": [3, 12, 9],
			"rotation": {"angle": 0, "axis": "y", "origin": [8, -2, 8]},
			"faces": {
				"north": {"uv": [11, 15.5, 11.33333, 16], "texture": "#0"},
				"east": {"uv": [10.66667, 15.5, 11, 16], "texture": "#0"},
				"south": {"uv": [11.66667, 15.5, 12, 16], "texture": "#0"},
				"west": {"uv": [11.33333, 15.5, 11.66667, 16], "texture": "#0"},
				"up": {"uv": [11.33333, 15.5, 11, 15], "texture": "#0"},
				"down": {"uv": [11.66667, 15, 11.33333, 15.5], "texture": "#0"}
			}
		},
		{
			"from": [1, 7, 7],
			"to": [3, 9, 9],
			"rotation": {"angle": 0, "axis": "y", "origin": [8, -2, 8]},
			"faces": {
				"north": {"uv": [11, 15.5, 11.33333, 16], "texture": "#0"},
				"east": {"uv": [10.66667, 15.5, 11, 16], "texture": "#0"},
				"south": {"uv": [11.66667, 15.5, 12, 16], "texture": "#0"},
				"west": {"uv": [11.33333, 15.5, 11.66667, 16], "texture": "#0"},
				"up": {"uv": [11.33333, 15.5, 11, 15], "texture": "#0"},
				"down": {"uv": [11.66667, 15, 11.33333, 15.5], "texture": "#0"}
			}
		},
		{
			"from": [1, 7, 4],
			"to": [3, 9, 6],
			"rotation": {"angle": 0, "axis": "y", "origin": [8, -2, 8]},
			"faces": {
				"north": {"uv": [11, 15.5, 11.33333, 16], "texture": "#0"},
				"east": {"uv": [10.66667, 15.5, 11, 16], "texture": "#0"},
				"south": {"uv": [11.66667, 15.5, 12, 16], "texture": "#0"},
				"west": {"uv": [11.33333, 15.5, 11.66667, 16], "texture": "#0"},
				"up": {"uv": [11.33333, 15.5, 11, 15], "texture": "#0"},
				"down": {"uv": [11.66667, 15, 11.33333, 15.5], "texture": "#0"}
			}
		},
		{
			"from": [1, 10, 4],
			"to": [3, 12, 6],
			"rotation": {"angle": 0, "axis": "y", "origin": [8, -2, 8]},
			"faces": {
				"north": {"uv": [11, 15.5, 11.33333, 16], "texture": "#0"},
				"east": {"uv": [10.66667, 15.5, 11, 16], "texture": "#0"},
				"south": {"uv": [11.66667, 15.5, 12, 16], "texture": "#0"},
				"west": {"uv": [11.33333, 15.5, 11.66667, 16], "texture": "#0"},
				"up": {"uv": [11.33333, 15.5, 11, 15], "texture": "#0"},
				"down": {"uv": [11.66667, 15, 11.33333, 15.5], "texture": "#0"}
			}
		},
		{
			"from": [13, 4, 4],
			"to": [15, 6, 6],
			"rotation": {"angle": 0, "axis": "y", "origin": [8, -2, 8]},
			"faces": {
				"north": {"uv": [11, 15.5, 11.33333, 16], "texture": "#0"},
				"east": {"uv": [10.66667, 15.5, 11, 16], "texture": "#0"},
				"south": {"uv": [11.66667, 15.5, 12, 16], "texture": "#0"},
				"west": {"uv": [11.33333, 15.5, 11.66667, 16], "texture": "#0"},
				"up": {"uv": [11.33333, 15.5, 11, 15], "texture": "#0"},
				"down": {"uv": [11.66667, 15, 11.33333, 15.5], "texture": "#0"}
			}
		},
		{
			"from": [13, 4, 7],
			"to": [15, 6, 9],
			"rotation": {"angle": 0, "axis": "y", "origin": [8, -2, 8]},
			"faces": {
				"north": {"uv": [11, 15.5, 11.33333, 16], "texture": "#0"},
				"east": {"uv": [10.66667, 15.5, 11, 16], "texture": "#0"},
				"south": {"uv": [11.66667, 15.5, 12, 16], "texture": "#0"},
				"west": {"uv": [11.33333, 15.5, 11.66667, 16], "texture": "#0"},
				"up": {"uv": [11.33333, 15.5, 11, 15], "texture": "#0"},
				"down": {"uv": [11.66667, 15, 11.33333, 15.5], "texture": "#0"}
			}
		},
		{
			"from": [13, 4, 10],
			"to": [15, 6, 12],
			"rotation": {"angle": 0, "axis": "y", "origin": [8, -2, 8]},
			"faces": {
				"north": {"uv": [11, 15.5, 11.33333, 16], "texture": "#0"},
				"east": {"uv": [10.66667, 15.5, 11, 16], "texture": "#0"},
				"south": {"uv": [11.66667, 15.5, 12, 16], "texture": "#0"},
				"west": {"uv": [11.33333, 15.5, 11.66667, 16], "texture": "#0"},
				"up": {"uv": [11.33333, 15.5, 11, 15], "texture": "#0"},
				"down": {"uv": [11.66667, 15, 11.33333, 15.5], "texture": "#0"}
			}
		},
		{
			"from": [13, 7, 10],
			"to": [15, 9, 12],
			"rotation": {"angle": 0, "axis": "y", "origin": [8, -2, 8]},
			"faces": {
				"north": {"uv": [11, 15.5, 11.33333, 16], "texture": "#0"},
				"east": {"uv": [10.66667, 15.5, 11, 16], "texture": "#0"},
				"south": {"uv": [11.66667, 15.5, 12, 16], "texture": "#0"},
				"west": {"uv": [11.33333, 15.5, 11.66667, 16], "texture": "#0"},
				"up": {"uv": [11.33333, 15.5, 11, 15], "texture": "#0"},
				"down": {"uv": [11.66667, 15, 11.33333, 15.5], "texture": "#0"}
			}
		},
		{
			"from": [13, 10, 10],
			"to": [15, 12, 12],
			"rotation": {"angle": 0, "axis": "y", "origin": [8, -2, 8]},
			"faces": {
				"north": {"uv": [11, 15.5, 11.33333, 16], "texture": "#0"},
				"east": {"uv": [10.66667, 15.5, 11, 16], "texture": "#0"},
				"south": {"uv": [11.66667, 15.5, 12, 16], "texture": "#0"},
				"west": {"uv": [11.33333, 15.5, 11.66667, 16], "texture": "#0"},
				"up": {"uv": [11.33333, 15.5, 11, 15], "texture": "#0"},
				"down": {"uv": [11.66667, 15, 11.33333, 15.5], "texture": "#0"}
			}
		},
		{
			"from": [13, 10, 7],
			"to": [15, 12, 9],
			"rotation": {"angle": 0, "axis": "y", "origin": [8, -2, 8]},
			"faces": {
				"north": {"uv": [11, 15.5, 11.33333, 16], "texture": "#0"},
				"east": {"uv": [10.66667, 15.5, 11, 16], "texture": "#0"},
				"south": {"uv": [11.66667, 15.5, 12, 16], "texture": "#0"},
				"west": {"uv": [11.33333, 15.5, 11.66667, 16], "texture": "#0"},
				"up": {"uv": [11.33333, 15.5, 11, 15], "texture": "#0"},
				"down": {"uv": [11.66667, 15, 11.33333, 15.5], "texture": "#0"}
			}
		},
		{
			"from": [13, 7, 7],
			"to": [15, 9, 9],
			"rotation": {"angle": 0, "axis": "y", "origin": [8, -2, 8]},
			"faces": {
				"north": {"uv": [11, 15.5, 11.33333, 16], "texture": "#0"},
				"east": {"uv": [10.66667, 15.5, 11, 16], "texture": "#0"},
				"south": {"uv": [11.66667, 15.5, 12, 16], "texture": "#0"},
				"west": {"uv": [11.33333, 15.5, 11.66667, 16], "texture": "#0"},
				"up": {"uv": [11.33333, 15.5, 11, 15], "texture": "#0"},
				"down": {"uv": [11.66667, 15, 11.33333, 15.5], "texture": "#0"}
			}
		},
		{
			"from": [13, 7, 4],
			"to": [15, 9, 6],
			"rotation": {"angle": 0, "axis": "y", "origin": [8, -2, 8]},
			"faces": {
				"north": {"uv": [11, 15.5, 11.33333, 16], "texture": "#0"},
				"east": {"uv": [10.66667, 15.5, 11, 16], "texture": "#0"},
				"south": {"uv": [11.66667, 15.5, 12, 16], "texture": "#0"},
				"west": {"uv": [11.33333, 15.5, 11.66667, 16], "texture": "#0"},
				"up": {"uv": [11.33333, 15.5, 11, 15], "texture": "#0"},
				"down": {"uv": [11.66667, 15, 11.33333, 15.5], "texture": "#0"}
			}
		},
		{
			"from": [13, 10, 4],
			"to": [15, 12, 6],
			"rotation": {"angle": 0, "axis": "y", "origin": [8, -2, 8]},
			"faces": {
				"north": {"uv": [11, 15.5, 11.33333, 16], "texture": "#0"},
				"east": {"uv": [10.66667, 15.5, 11, 16], "texture": "#0"},
				"south": {"uv": [11.66667, 15.5, 12, 16], "texture": "#0"},
				"west": {"uv": [11.33333, 15.5, 11.66667, 16], "texture": "#0"},
				"up": {"uv": [11.33333, 15.5, 11, 15], "texture": "#0"},
				"down": {"uv": [11.66667, 15, 11.33333, 15.5], "texture": "#0"}
			}
		},
		{
			"from": [7, 10, 7],
			"to": [9, 12, 9],
			"rotation": {"angle": 0, "axis": "y", "origin": [8, -2, 8]},
			"faces": {
				"north": {"uv": [11, 15.5, 11.33333, 16], "texture": "#0"},
				"east": {"uv": [10.66667, 15.5, 11, 16], "texture": "#0"},
				"south": {"uv": [11.66667, 15.5, 12, 16], "texture": "#0"},
				"west": {"uv": [11.33333, 15.5, 11.66667, 16], "texture": "#0"},
				"up": {"uv": [11.33333, 15.5, 11, 15], "texture": "#0"},
				"down": {"uv": [11.66667, 15, 11.33333, 15.5], "texture": "#0"}
			}
		},
		{
			"from": [10, 13, 10],
			"to": [12, 15, 12],
			"rotation": {"angle": 0, "axis": "y", "origin": [8, -2, 8]},
			"faces": {
				"north": {"uv": [11, 15.5, 11.33333, 16], "texture": "#0"},
				"east": {"uv": [10.66667, 15.5, 11, 16], "texture": "#0"},
				"south": {"uv": [11.66667, 15.5, 12, 16], "texture": "#0"},
				"west": {"uv": [11.33333, 15.5, 11.66667, 16], "texture": "#0"},
				"up": {"uv": [11.33333, 15.5, 11, 15], "texture": "#0"},
				"down": {"uv": [11.66667, 15, 11.33333, 15.5], "texture": "#0"}
			}
		},
		{
			"from": [4, 13, 10],
			"to": [6, 15, 12],
			"rotation": {"angle": 0, "axis": "y", "origin": [8, -2, 8]},
			"faces": {
				"north": {"uv": [11, 15.5, 11.33333, 16], "texture": "#0"},
				"east": {"uv": [10.66667, 15.5, 11, 16], "texture": "#0"},
				"south": {"uv": [11.66667, 15.5, 12, 16], "texture": "#0"},
				"west": {"uv": [11.33333, 15.5, 11.66667, 16], "texture": "#0"},
				"up": {"uv": [11.33333, 15.5, 11, 15], "texture": "#0"},
				"down": {"uv": [11.66667, 15, 11.33333, 15.5], "texture": "#0"}
			}
		},
		{
			"from": [7, 13, 10],
			"to": [9, 15, 12],
			"rotation": {"angle": 0, "axis": "y", "origin": [8, -2, 8]},
			"faces": {
				"north": {"uv": [11, 15.5, 11.33333, 16], "texture": "#0"},
				"east": {"uv": [10.66667, 15.5, 11, 16], "texture": "#0"},
				"south": {"uv": [11.66667, 15.5, 12, 16], "texture": "#0"},
				"west": {"uv": [11.33333, 15.5, 11.66667, 16], "texture": "#0"},
				"up": {"uv": [11.33333, 15.5, 11, 15], "texture": "#0"},
				"down": {"uv": [11.66667, 15, 11.33333, 15.5], "texture": "#0"}
			}
		},
		{
			"from": [4, 13, 4],
			"to": [6, 15, 6],
			"rotation": {"angle": 0, "axis": "y", "origin": [8, -2, 8]},
			"faces": {
				"north": {"uv": [11, 15.5, 11.33333, 16], "texture": "#0"},
				"east": {"uv": [10.66667, 15.5, 11, 16], "texture": "#0"},
				"south": {"uv": [11.66667, 15.5, 12, 16], "texture": "#0"},
				"west": {"uv": [11.33333, 15.5, 11.66667, 16], "texture": "#0"},
				"up": {"uv": [11.33333, 15.5, 11, 15], "texture": "#0"},
				"down": {"uv": [11.66667, 15, 11.33333, 15.5], "texture": "#0"}
			}
		},
		{
			"from": [7, 13, 4],
			"to": [9, 15, 6],
			"rotation": {"angle": 0, "axis": "y", "origin": [8, -2, 8]},
			"faces": {
				"north": {"uv": [11, 15.5, 11.33333, 16], "texture": "#0"},
				"east": {"uv": [10.66667, 15.5, 11, 16], "texture": "#0"},
				"south": {"uv": [11.66667, 15.5, 12, 16], "texture": "#0"},
				"west": {"uv": [11.33333, 15.5, 11.66667, 16], "texture": "#0"},
				"up": {"uv": [11.33333, 15.5, 11, 15], "texture": "#0"},
				"down": {"uv": [11.66667, 15, 11.33333, 15.5], "texture": "#0"}
			}
		},
		{
			"from": [10, 13, 4],
			"to": [12, 15, 6],
			"rotation": {"angle": 0, "axis": "y", "origin": [8, -2, 8]},
			"faces": {
				"north": {"uv": [11, 15.5, 11.33333, 16], "texture": "#0"},
				"east": {"uv": [10.66667, 15.5, 11, 16], "texture": "#0"},
				"south": {"uv": [11.66667, 15.5, 12, 16], "texture": "#0"},
				"west": {"uv": [11.33333, 15.5, 11.66667, 16], "texture": "#0"},
				"up": {"uv": [11.33333, 15.5, 11, 15], "texture": "#0"},
				"down": {"uv": [11.66667, 15, 11.33333, 15.5], "texture": "#0"}
			}
		},
		{
			"from": [10, 13, 7],
			"to": [12, 15, 9],
			"rotation": {"angle": 0, "axis": "y", "origin": [8, -2, 8]},
			"faces": {
				"north": {"uv": [11, 15.5, 11.33333, 16], "texture": "#0"},
				"east": {"uv": [10.66667, 15.5, 11, 16], "texture": "#0"},
				"south": {"uv": [11.66667, 15.5, 12, 16], "texture": "#0"},
				"west": {"uv": [11.33333, 15.5, 11.66667, 16], "texture": "#0"},
				"up": {"uv": [11.33333, 15.5, 11, 15], "texture": "#0"},
				"down": {"uv": [11.66667, 15, 11.33333, 15.5], "texture": "#0"}
			}
		},
		{
			"from": [4, 13, 7],
			"to": [6, 15, 9],
			"rotation": {"angle": 0, "axis": "y", "origin": [8, -2, 8]},
			"faces": {
				"north": {"uv": [11, 15.5, 11.33333, 16], "texture": "#0"},
				"east": {"uv": [10.66667, 15.5, 11, 16], "texture": "#0"},
				"south": {"uv": [11.66667, 15.5, 12, 16], "texture": "#0"},
				"west": {"uv": [11.33333, 15.5, 11.66667, 16], "texture": "#0"},
				"up": {"uv": [11.33333, 15.5, 11, 15], "texture": "#0"},
				"down": {"uv": [11.66667, 15, 11.33333, 15.5], "texture": "#0"}
			}
		},
		{
			"from": [7, 13, 7],
			"to": [9, 15, 9],
			"rotation": {"angle": 0, "axis": "y", "origin": [8, -2, 8]},
			"faces": {
				"north": {"uv": [11, 15.5, 11.33333, 16], "texture": "#0"},
				"east": {"uv": [10.66667, 15.5, 11, 16], "texture": "#0"},
				"south": {"uv": [11.66667, 15.5, 12, 16], "texture": "#0"},
				"west": {"uv": [11.33333, 15.5, 11.66667, 16], "texture": "#0"},
				"up": {"uv": [11.33333, 15.5, 11, 15], "texture": "#0"},
				"down": {"uv": [11.66667, 15, 11.33333, 15.5], "texture": "#0"}
			}
		},
		{
			"from": [10, 1, 10],
			"to": [12, 3, 12],
			"rotation": {"angle": 0, "axis": "y", "origin": [8, -2, 8]},
			"faces": {
				"north": {"uv": [11, 15.5, 11.33333, 16], "texture": "#0"},
				"east": {"uv": [10.66667, 15.5, 11, 16], "texture": "#0"},
				"south": {"uv": [11.66667, 15.5, 12, 16], "texture": "#0"},
				"west": {"uv": [11.33333, 15.5, 11.66667, 16], "texture": "#0"},
				"up": {"uv": [11.33333, 15.5, 11, 15], "texture": "#0"},
				"down": {"uv": [11.66667, 15, 11.33333, 15.5], "texture": "#0"}
			}
		},
		{
			"from": [4, 1, 10],
			"to": [6, 3, 12],
			"rotation": {"angle": 0, "axis": "y", "origin": [8, -2, 8]},
			"faces": {
				"north": {"uv": [11, 15.5, 11.33333, 16], "texture": "#0"},
				"east": {"uv": [10.66667, 15.5, 11, 16], "texture": "#0"},
				"south": {"uv": [11.66667, 15.5, 12, 16], "texture": "#0"},
				"west": {"uv": [11.33333, 15.5, 11.66667, 16], "texture": "#0"},
				"up": {"uv": [11.33333, 15.5, 11, 15], "texture": "#0"},
				"down": {"uv": [11.66667, 15, 11.33333, 15.5], "texture": "#0"}
			}
		},
		{
			"from": [7, 1, 10],
			"to": [9, 3, 12],
			"rotation": {"angle": 0, "axis": "y", "origin": [8, -2, 8]},
			"faces": {
				"north": {"uv": [11, 15.5, 11.33333, 16], "texture": "#0"},
				"east": {"uv": [10.66667, 15.5, 11, 16], "texture": "#0"},
				"south": {"uv": [11.66667, 15.5, 12, 16], "texture": "#0"},
				"west": {"uv": [11.33333, 15.5, 11.66667, 16], "texture": "#0"},
				"up": {"uv": [11.33333, 15.5, 11, 15], "texture": "#0"},
				"down": {"uv": [11.66667, 15, 11.33333, 15.5], "texture": "#0"}
			}
		},
		{
			"from": [4, 1, 4],
			"to": [6, 3, 6],
			"rotation": {"angle": 0, "axis": "y", "origin": [8, -2, 8]},
			"faces": {
				"north": {"uv": [11, 15.5, 11.33333, 16], "texture": "#0"},
				"east": {"uv": [10.66667, 15.5, 11, 16], "texture": "#0"},
				"south": {"uv": [11.66667, 15.5, 12, 16], "texture": "#0"},
				"west": {"uv": [11.33333, 15.5, 11.66667, 16], "texture": "#0"},
				"up": {"uv": [11.33333, 15.5, 11, 15], "texture": "#0"},
				"down": {"uv": [11.66667, 15, 11.33333, 15.5], "texture": "#0"}
			}
		},
		{
			"from": [7, 1, 4],
			"to": [9, 3, 6],
			"rotation": {"angle": 0, "axis": "y", "origin": [8, -2, 8]},
			"faces": {
				"north": {"uv": [11, 15.5, 11.33333, 16], "texture": "#0"},
				"east": {"uv": [10.66667, 15.5, 11, 16], "texture": "#0"},
				"south": {"uv": [11.66667, 15.5, 12, 16], "texture": "#0"},
				"west": {"uv": [11.33333, 15.5, 11.66667, 16], "texture": "#0"},
				"up": {"uv": [11.33333, 15.5, 11, 15], "texture": "#0"},
				"down": {"uv": [11.66667, 15, 11.33333, 15.5], "texture": "#0"}
			}
		},
		{
			"from": [10, 1, 4],
			"to": [12, 3, 6],
			"rotation": {"angle": 0, "axis": "y", "origin": [8, -2, 8]},
			"faces": {
				"north": {"uv": [11, 15.5, 11.33333, 16], "texture": "#0"},
				"east": {"uv": [10.66667, 15.5, 11, 16], "texture": "#0"},
				"south": {"uv": [11.66667, 15.5, 12, 16], "texture": "#0"},
				"west": {"uv": [11.33333, 15.5, 11.66667, 16], "texture": "#0"},
				"up": {"uv": [11.33333, 15.5, 11, 15], "texture": "#0"},
				"down": {"uv": [11.66667, 15, 11.33333, 15.5], "texture": "#0"}
			}
		},
		{
			"from": [10, 1, 7],
			"to": [12, 3, 9],
			"rotation": {"angle": 0, "axis": "y", "origin": [8, -2, 8]},
			"faces": {
				"north": {"uv": [11, 15.5, 11.33333, 16], "texture": "#0"},
				"east": {"uv": [10.66667, 15.5, 11, 16], "texture": "#0"},
				"south": {"uv": [11.66667, 15.5, 12, 16], "texture": "#0"},
				"west": {"uv": [11.33333, 15.5, 11.66667, 16], "texture": "#0"},
				"up": {"uv": [11.33333, 15.5, 11, 15], "texture": "#0"},
				"down": {"uv": [11.66667, 15, 11.33333, 15.5], "texture": "#0"}
			}
		},
		{
			"from": [4, 1, 7],
			"to": [6, 3, 9],
			"rotation": {"angle": 0, "axis": "y", "origin": [8, -2, 8]},
			"faces": {
				"north": {"uv": [11, 15.5, 11.33333, 16], "texture": "#0"},
				"east": {"uv": [10.66667, 15.5, 11, 16], "texture": "#0"},
				"south": {"uv": [11.66667, 15.5, 12, 16], "texture": "#0"},
				"west": {"uv": [11.33333, 15.5, 11.66667, 16], "texture": "#0"},
				"up": {"uv": [11.33333, 15.5, 11, 15], "texture": "#0"},
				"down": {"uv": [11.66667, 15, 11.33333, 15.5], "texture": "#0"}
			}
		},
		{
			"from": [7, 1, 7],
			"to": [9, 3, 9],
			"rotation": {"angle": 0, "axis": "y", "origin": [8, -2, 8]},
			"faces": {
				"north": {"uv": [11, 15.5, 11.33333, 16], "texture": "#0"},
				"east": {"uv": [10.66667, 15.5, 11, 16], "texture": "#0"},
				"south": {"uv": [11.66667, 15.5, 12, 16], "texture": "#0"},
				"west": {"uv": [11.33333, 15.5, 11.66667, 16], "texture": "#0"},
				"up": {"uv": [11.33333, 15.5, 11, 15], "texture": "#0"},
				"down": {"uv": [11.66667, 15, 11.33333, 15.5], "texture": "#0"}
			}
		},
		{
			"name": "glass",
			"from": [0, 0, 0],
			"to": [16, 16, 16],
			"rotation": {"angle": -45, "axis": "x", "origin": [8, 8, 8]},
			"faces": {
				"north": {"uv": [2.66667, 12, 5.33333, 16], "texture": "#0"},
				"east": {"uv": [0, 12, 2.66667, 16], "texture": "#0"},
				"south": {"uv": [8, 12, 10.66667, 16], "texture": "#0"},
				"west": {"uv": [5.33333, 12, 8, 16], "texture": "#0"},
				"up": {"uv": [5.33333, 12, 2.66667, 8], "texture": "#0"},
				"down": {"uv": [8, 8, 5.33333, 12], "texture": "#0"}
			}
		},
		{
			"name": "glass",
			"from": [0, 0, 0],
			"to": [16, 16, 16],
			"rotation": {"angle": 45, "axis": "y", "origin": [8, 8, 8]},
			"faces": {
				"north": {"uv": [2.66667, 12, 5.33333, 16], "texture": "#0"},
				"east": {"uv": [0, 12, 2.66667, 16], "texture": "#0"},
				"south": {"uv": [8, 12, 10.66667, 16], "texture": "#0"},
				"west": {"uv": [5.33333, 12, 8, 16], "texture": "#0"},
				"up": {"uv": [5.33333, 12, 2.66667, 8], "texture": "#0"},
				"down": {"uv": [8, 8, 5.33333, 12], "texture": "#0"}
			}
		}
	],
	"display": {
		"thirdperson_righthand": {
			"rotation": [5.09, -34.21, 16.37],
			"translation": [0, -2, -1],
			"scale": [0.31, 0.31, 0.31]
		},
		"thirdperson_lefthand": {
			"rotation": [-42, 26, -75],
			"translation": [0, -2, 0],
			"scale": [0.31, 0.31, 0.31]
		},
		"firstperson_righthand": {
			"rotation": [-78, -42, -35],
			"scale": [0.31, 0.31, 0.31]
		},
		"firstperson_lefthand": {
			"rotation": [-62, -127, -23],
			"scale": [0.31, 0.31, 0.31]
		},
		"ground": {
			"scale": [0.31, 0.31, 0.31]
		},
		"gui": {
			"rotation": [42, -66, 0],
			"scale": [0.58, 0.58, 0.58]
		},
		"head": {
			"scale": [1.35, 1.35, 1.35]
		},
		"fixed": {
			"scale": [0.58, 0.58, 0.58]
		}
	},
	"groups": [
		{
			"name": "base",
			"origin": [8, 0, 8],
			"color": 0,
			"children": []
		},
		{
			"name": "cube",
			"origin": [8, 8, 8],
			"color": 0,
			"children": [
				0,
				1,
				2,
				3,
				4,
				5,
				6,
				7,
				8,
				9,
				10,
				11,
				12,
				13,
				14,
				15,
				16,
				17,
				18,
				19,
				20,
				21,
				22,
				23,
				24,
				25,
				26,
				27,
				28,
				29,
				30,
				31,
				32,
				33,
				34,
				35,
				36,
				37,
				38,
				39,
				40,
				41,
				42,
				43,
				44,
				45,
				46,
				47,
				48,
				49,
				50,
				51,
				52,
				53,
				54,
				55,
				56,
				57,
				58,
				59,
				60,
				61,
				62,
				63,
				64,
				65,
				66,
				67,
				68,
				69,
				70,
				71,
				72,
				73,
				74,
				75,
				76,
				77,
				78,
				79,
				80
			]
		},
		{
			"name": "glass",
			"origin": [8, 10, 8],
			"color": 0,
			"children": [81, 82]
		}
	]
}